[
    {
        "id": "1",
        "commenter": "Alice",
        "comment": "This is the first comment.",
        "netVotes": 0,
        "userVote": 0,
        "commenterBan": false,
        "children": [
            {
                "id": "2",
                "commenter": "Bob",
                "comment": "This is a reply to the first comment.",
                "netVotes": 0,
                "userVote": 0,
                "commenterBan": false,
                "children": []
            },
            {
                "id": "7",
                "commenter": "dred",
                "comment": "This is also a reply to the first comment.",
                "netVotes": 0,
                "userVote": 0,
                "commenterBan": false,
                "children": [
                    {
                        "id": "2",
                        "commenter": "Bob",
                        "comment": "This is a reply to the first comment.",
                        "netVotes": 0,
                        "userVote": 0,
                        "commenterBan": false,
                        "children": []
                    }
                ]
            }
        ]
    },
    {
        "id": "3",
        "commenter": "Charlie",
        "comment": "This is another comment.",
        "netVotes": 0,
        "userVote": 0,
        "commenterBan": false,
        "children": [
            {
                "id": "4",
                "commenter": "Dave",
                "comment": "This is a reply to the second comment.",
                "netVotes": 0,
                "userVote": 0,
                "commenterBan": false,
                "children": [
                    {
                        "id": "5",
                        "commenter": "Dj",
                        "comment": "This is a reply to an reply.",
                        "netVotes": 0,
                        "userVote": 0,
                        "commenterBan": false,
                        "children": []
                    }
                ]
            }
        ]
    }
]